{"hierarchy":[{"prefabName":"Tree (1)","assetBundleName":"tree","hierarchyGroupName":"","transform":{"position":{"x":-3.888709306716919,"y":-1.2457114458084107,"z":10.0},"rotation":{"x":0.0,"y":0.0,"z":0.0,"w":1.0},"localScale":{"x":1.3082293272018433,"y":1.3082293272018433,"z":1.3082293272018433}}},{"prefabName":"Tree","assetBundleName":"tree","hierarchyGroupName":"","transform":{"position":{"x":2.109226942062378,"y":-0.8759797811508179,"z":10.0},"rotation":{"x":0.0,"y":0.0,"z":0.0,"w":1.0},"localScale":{"x":139.32350158691407,"y":139.32350158691407,"z":139.32350158691407}}},{"prefabName":"Tree (1)","assetBundleName":"tree","hierarchyGroupName":"dsafasd","transform":{"position":{"x":-1.7851674556732178,"y":-1.5585612058639527,"z":10.0},"rotation":{"x":0.0,"y":0.0,"z":0.0,"w":1.0},"localScale":{"x":1.3082293272018433,"y":1.3082293272018433,"z":1.3082293272018433}}},{"prefabName":"modern chair 11 obj","assetBundleName":"testchair","hierarchyGroupName":"","transform":{"position":{"x":-6.901891231536865,"y":-0.47780734300613406,"z":10.0},"rotation":{"x":0.0,"y":0.0,"z":0.0,"w":1.0},"localScale":{"x":0.06464765965938568,"y":0.06464765965938568,"z":0.06464765965938568}}}]}