{"hierarchy":[{"guid":"e852ccc8-215b-4076-8a62-08dd28dd7342","prefabName":"modern chair 11 obj","assetBundleName":"testchair","hierarchyGroupName":"","transform":{"position":{"x":-1.6430182456970215,"y":-1.1888295412063599,"z":10.0},"rotation":{"x":0.0,"y":0.0,"z":0.0,"w":1.0},"localScale":{"x":0.06464765965938568,"y":0.06464765965938568,"z":0.06464765965938568}}}]}