{"hierarchyGroups":["fsdfsafs"],"prefabs":[{"guid":"71df5d90-95f4-48ad-9017-30e285e75a88","prefabName":"modern chair 11 obj","assetBundleName":"testchair","hierarchyGroupName":"fsdfsafs","transform":{"position":{"x":-2.0556528568267824,"y":-0.9044206142425537,"z":10.0},"rotation":{"x":0.0,"y":0.0,"z":0.0,"w":1.0},"localScale":{"x":0.06464765965938568,"y":0.06464765965938568,"z":0.06464765965938568}}}]}