{"hierarchy":[{"guid":"16aaada7-1483-4788-ac38-1d7d1a2c12e3","prefabName":"modern chair 11 obj","assetBundleName":"testchair","hierarchyGroupName":"","transform":{"position":{"x":-3.092987537384033,"y":-1.2457109689712525,"z":10.0},"rotation":{"x":0.0,"y":0.0,"z":0.0,"w":1.0},"localScale":{"x":0.06464765965938568,"y":0.06464765965938568,"z":0.06464765965938568}}}]}